id,title,japanese,category,difficulty
1,神社参拝,神社参拝は、日本の歴史や美意識を理解するうえで欠かせないテーマです。地域や時代によって形は異なりますが、礼儀、季節感、自然との調和を大切にする考え方が表れています。観光客に説明するときは、見た目だけでなく、その背景にある価値観も伝えることが大切です。,歴史・文化,初級
2,寺院参拝,寺院参拝は、古くから人々の暮らし、信仰、芸術と結びついて発展してきました。現在でも祭り、観光施設、日常の道具などにその名残を見ることができます。外国人に紹介する際は、歴史的な由来と、今の日本でどのように親しまれているかを合わせて説明すると分かりやすくなります。,歴史・文化,初級
3,城郭,城郭は、日本の歴史や美意識を理解するうえで欠かせないテーマです。地域や時代によって形は異なりますが、礼儀、季節感、自然との調和を大切にする考え方が表れています。観光客に説明するときは、見た目だけでなく、その背景にある価値観も伝えることが大切です。,歴史・文化,中級
4,宿場町,宿場町は、古くから人々の暮らし、信仰、芸術と結びついて発展してきました。現在でも祭り、観光施設、日常の道具などにその名残を見ることができます。外国人に紹介する際は、歴史的な由来と、今の日本でどのように親しまれているかを合わせて説明すると分かりやすくなります。,歴史・文化,中級
5,武士道,武士道は、日本の歴史や美意識を理解するうえで欠かせないテーマです。地域や時代によって形は異なりますが、礼儀、季節感、自然との調和を大切にする考え方が表れています。観光客に説明するときは、見た目だけでなく、その背景にある価値観も伝えることが大切です。,歴史・文化,上級
6,忍者,忍者は、古くから人々の暮らし、信仰、芸術と結びついて発展してきました。現在でも祭り、観光施設、日常の道具などにその名残を見ることができます。外国人に紹介する際は、歴史的な由来と、今の日本でどのように親しまれているかを合わせて説明すると分かりやすくなります。,歴史・文化,初級
7,茶道,茶道は、日本の歴史や美意識を理解するうえで欠かせないテーマです。地域や時代によって形は異なりますが、礼儀、季節感、自然との調和を大切にする考え方が表れています。観光客に説明するときは、見た目だけでなく、その背景にある価値観も伝えることが大切です。,歴史・文化,初級
8,華道,華道は、古くから人々の暮らし、信仰、芸術と結びついて発展してきました。現在でも祭り、観光施設、日常の道具などにその名残を見ることができます。外国人に紹介する際は、歴史的な由来と、今の日本でどのように親しまれているかを合わせて説明すると分かりやすくなります。,歴史・文化,中級
9,書道,書道は、日本の歴史や美意識を理解するうえで欠かせないテーマです。地域や時代によって形は異なりますが、礼儀、季節感、自然との調和を大切にする考え方が表れています。観光客に説明するときは、見た目だけでなく、その背景にある価値観も伝えることが大切です。,歴史・文化,中級
10,能,能は、古くから人々の暮らし、信仰、芸術と結びついて発展してきました。現在でも祭り、観光施設、日常の道具などにその名残を見ることができます。外国人に紹介する際は、歴史的な由来と、今の日本でどのように親しまれているかを合わせて説明すると分かりやすくなります。,歴史・文化,上級
11,歌舞伎,歌舞伎は、日本の歴史や美意識を理解するうえで欠かせないテーマです。地域や時代によって形は異なりますが、礼儀、季節感、自然との調和を大切にする考え方が表れています。観光客に説明するときは、見た目だけでなく、その背景にある価値観も伝えることが大切です。,歴史・文化,初級
12,文楽,文楽は、古くから人々の暮らし、信仰、芸術と結びついて発展してきました。現在でも祭り、観光施設、日常の道具などにその名残を見ることができます。外国人に紹介する際は、歴史的な由来と、今の日本でどのように親しまれているかを合わせて説明すると分かりやすくなります。,歴史・文化,初級
13,浮世絵,浮世絵は、日本の歴史や美意識を理解するうえで欠かせないテーマです。地域や時代によって形は異なりますが、礼儀、季節感、自然との調和を大切にする考え方が表れています。観光客に説明するときは、見た目だけでなく、その背景にある価値観も伝えることが大切です。,歴史・文化,中級
14,枯山水,枯山水は、古くから人々の暮らし、信仰、芸術と結びついて発展してきました。現在でも祭り、観光施設、日常の道具などにその名残を見ることができます。外国人に紹介する際は、歴史的な由来と、今の日本でどのように親しまれているかを合わせて説明すると分かりやすくなります。,歴史・文化,中級
15,日本庭園,日本庭園は、日本の歴史や美意識を理解するうえで欠かせないテーマです。地域や時代によって形は異なりますが、礼儀、季節感、自然との調和を大切にする考え方が表れています。観光客に説明するときは、見た目だけでなく、その背景にある価値観も伝えることが大切です。,歴史・文化,上級
16,侘び寂び,侘び寂びは、古くから人々の暮らし、信仰、芸術と結びついて発展してきました。現在でも祭り、観光施設、日常の道具などにその名残を見ることができます。外国人に紹介する際は、歴史的な由来と、今の日本でどのように親しまれているかを合わせて説明すると分かりやすくなります。,歴史・文化,初級
17,畳,畳は、日本の歴史や美意識を理解するうえで欠かせないテーマです。地域や時代によって形は異なりますが、礼儀、季節感、自然との調和を大切にする考え方が表れています。観光客に説明するときは、見た目だけでなく、その背景にある価値観も伝えることが大切です。,歴史・文化,初級
18,障子,障子は、古くから人々の暮らし、信仰、芸術と結びついて発展してきました。現在でも祭り、観光施設、日常の道具などにその名残を見ることができます。外国人に紹介する際は、歴史的な由来と、今の日本でどのように親しまれているかを合わせて説明すると分かりやすくなります。,歴史・文化,中級
19,襖,襖は、日本の歴史や美意識を理解するうえで欠かせないテーマです。地域や時代によって形は異なりますが、礼儀、季節感、自然との調和を大切にする考え方が表れています。観光客に説明するときは、見た目だけでなく、その背景にある価値観も伝えることが大切です。,歴史・文化,中級
20,床の間,床の間は、古くから人々の暮らし、信仰、芸術と結びついて発展してきました。現在でも祭り、観光施設、日常の道具などにその名残を見ることができます。外国人に紹介する際は、歴史的な由来と、今の日本でどのように親しまれているかを合わせて説明すると分かりやすくなります。,歴史・文化,上級
21,家紋,家紋は、日本の歴史や美意識を理解するうえで欠かせないテーマです。地域や時代によって形は異なりますが、礼儀、季節感、自然との調和を大切にする考え方が表れています。観光客に説明するときは、見た目だけでなく、その背景にある価値観も伝えることが大切です。,歴史・文化,初級
22,着物,着物は、古くから人々の暮らし、信仰、芸術と結びついて発展してきました。現在でも祭り、観光施設、日常の道具などにその名残を見ることができます。外国人に紹介する際は、歴史的な由来と、今の日本でどのように親しまれているかを合わせて説明すると分かりやすくなります。,歴史・文化,初級
23,浴衣,浴衣は、日本の歴史や美意識を理解するうえで欠かせないテーマです。地域や時代によって形は異なりますが、礼儀、季節感、自然との調和を大切にする考え方が表れています。観光客に説明するときは、見た目だけでなく、その背景にある価値観も伝えることが大切です。,歴史・文化,中級
24,下駄,下駄は、古くから人々の暮らし、信仰、芸術と結びついて発展してきました。現在でも祭り、観光施設、日常の道具などにその名残を見ることができます。外国人に紹介する際は、歴史的な由来と、今の日本でどのように親しまれているかを合わせて説明すると分かりやすくなります。,歴史・文化,中級
25,風呂敷,風呂敷は、日本の歴史や美意識を理解するうえで欠かせないテーマです。地域や時代によって形は異なりますが、礼儀、季節感、自然との調和を大切にする考え方が表れています。観光客に説明するときは、見た目だけでなく、その背景にある価値観も伝えることが大切です。,歴史・文化,上級
26,扇子,扇子は、古くから人々の暮らし、信仰、芸術と結びついて発展してきました。現在でも祭り、観光施設、日常の道具などにその名残を見ることができます。外国人に紹介する際は、歴史的な由来と、今の日本でどのように親しまれているかを合わせて説明すると分かりやすくなります。,歴史・文化,初級
27,こけし,こけしは、日本の歴史や美意識を理解するうえで欠かせないテーマです。地域や時代によって形は異なりますが、礼儀、季節感、自然との調和を大切にする考え方が表れています。観光客に説明するときは、見た目だけでなく、その背景にある価値観も伝えることが大切です。,歴史・文化,初級
28,招き猫,招き猫は、古くから人々の暮らし、信仰、芸術と結びついて発展してきました。現在でも祭り、観光施設、日常の道具などにその名残を見ることができます。外国人に紹介する際は、歴史的な由来と、今の日本でどのように親しまれているかを合わせて説明すると分かりやすくなります。,歴史・文化,中級
29,だるま,だるまは、日本の歴史や美意識を理解するうえで欠かせないテーマです。地域や時代によって形は異なりますが、礼儀、季節感、自然との調和を大切にする考え方が表れています。観光客に説明するときは、見た目だけでなく、その背景にある価値観も伝えることが大切です。,歴史・文化,中級
30,七福神,七福神は、古くから人々の暮らし、信仰、芸術と結びついて発展してきました。現在でも祭り、観光施設、日常の道具などにその名残を見ることができます。外国人に紹介する際は、歴史的な由来と、今の日本でどのように親しまれているかを合わせて説明すると分かりやすくなります。,歴史・文化,上級
31,十二支,十二支は、日本の歴史や美意識を理解するうえで欠かせないテーマです。地域や時代によって形は異なりますが、礼儀、季節感、自然との調和を大切にする考え方が表れています。観光客に説明するときは、見た目だけでなく、その背景にある価値観も伝えることが大切です。,歴史・文化,初級
32,和紙,和紙は、古くから人々の暮らし、信仰、芸術と結びついて発展してきました。現在でも祭り、観光施設、日常の道具などにその名残を見ることができます。外国人に紹介する際は、歴史的な由来と、今の日本でどのように親しまれているかを合わせて説明すると分かりやすくなります。,歴史・文化,初級
33,漆器,漆器は、日本の歴史や美意識を理解するうえで欠かせないテーマです。地域や時代によって形は異なりますが、礼儀、季節感、自然との調和を大切にする考え方が表れています。観光客に説明するときは、見た目だけでなく、その背景にある価値観も伝えることが大切です。,歴史・文化,中級
34,陶磁器,陶磁器は、古くから人々の暮らし、信仰、芸術と結びついて発展してきました。現在でも祭り、観光施設、日常の道具などにその名残を見ることができます。外国人に紹介する際は、歴史的な由来と、今の日本でどのように親しまれているかを合わせて説明すると分かりやすくなります。,歴史・文化,中級
35,金継ぎ,金継ぎは、日本の歴史や美意識を理解するうえで欠かせないテーマです。地域や時代によって形は異なりますが、礼儀、季節感、自然との調和を大切にする考え方が表れています。観光客に説明するときは、見た目だけでなく、その背景にある価値観も伝えることが大切です。,歴史・文化,上級
36,刀剣,刀剣は、古くから人々の暮らし、信仰、芸術と結びついて発展してきました。現在でも祭り、観光施設、日常の道具などにその名残を見ることができます。外国人に紹介する際は、歴史的な由来と、今の日本でどのように親しまれているかを合わせて説明すると分かりやすくなります。,歴史・文化,初級
37,鎧兜,鎧兜は、日本の歴史や美意識を理解するうえで欠かせないテーマです。地域や時代によって形は異なりますが、礼儀、季節感、自然との調和を大切にする考え方が表れています。観光客に説明するときは、見た目だけでなく、その背景にある価値観も伝えることが大切です。,歴史・文化,初級
38,俳句,俳句は、古くから人々の暮らし、信仰、芸術と結びついて発展してきました。現在でも祭り、観光施設、日常の道具などにその名残を見ることができます。外国人に紹介する際は、歴史的な由来と、今の日本でどのように親しまれているかを合わせて説明すると分かりやすくなります。,歴史・文化,中級
39,万葉集,万葉集は、日本の歴史や美意識を理解するうえで欠かせないテーマです。地域や時代によって形は異なりますが、礼儀、季節感、自然との調和を大切にする考え方が表れています。観光客に説明するときは、見た目だけでなく、その背景にある価値観も伝えることが大切です。,歴史・文化,中級
40,源氏物語,源氏物語は、古くから人々の暮らし、信仰、芸術と結びついて発展してきました。現在でも祭り、観光施設、日常の道具などにその名残を見ることができます。外国人に紹介する際は、歴史的な由来と、今の日本でどのように親しまれているかを合わせて説明すると分かりやすくなります。,歴史・文化,上級
41,富士山,富士山は、国内外の旅行者に人気のある観光テーマです。景観や歴史だけでなく、地域の暮らし、交通、食文化にも触れられる点が魅力です。一方で、混雑やマナーの問題も起きやすいため、訪問する季節や時間帯、現地での注意点を事前に伝えることが大切です。,観光・地理,初級
42,温泉,温泉を紹介すると、日本の地域性や交通の便利さ、自然と都市の近さを説明できます。旅行者は有名な見どころだけでなく、地元の人の生活や小さな体験にも関心を持っています。通訳案内では、移動方法、所要時間、周辺の楽しみ方を具体的に伝えると親切です。,観光・地理,初級
43,露天風呂,露天風呂は、国内外の旅行者に人気のある観光テーマです。景観や歴史だけでなく、地域の暮らし、交通、食文化にも触れられる点が魅力です。一方で、混雑やマナーの問題も起きやすいため、訪問する季節や時間帯、現地での注意点を事前に伝えることが大切です。,観光・地理,中級
44,旅館,旅館を紹介すると、日本の地域性や交通の便利さ、自然と都市の近さを説明できます。旅行者は有名な見どころだけでなく、地元の人の生活や小さな体験にも関心を持っています。通訳案内では、移動方法、所要時間、周辺の楽しみ方を具体的に伝えると親切です。,観光・地理,中級
45,民宿,民宿は、国内外の旅行者に人気のある観光テーマです。景観や歴史だけでなく、地域の暮らし、交通、食文化にも触れられる点が魅力です。一方で、混雑やマナーの問題も起きやすいため、訪問する季節や時間帯、現地での注意点を事前に伝えることが大切です。,観光・地理,上級
46,道の駅,道の駅を紹介すると、日本の地域性や交通の便利さ、自然と都市の近さを説明できます。旅行者は有名な見どころだけでなく、地元の人の生活や小さな体験にも関心を持っています。通訳案内では、移動方法、所要時間、周辺の楽しみ方を具体的に伝えると親切です。,観光・地理,初級
47,新幹線,新幹線は、国内外の旅行者に人気のある観光テーマです。景観や歴史だけでなく、地域の暮らし、交通、食文化にも触れられる点が魅力です。一方で、混雑やマナーの問題も起きやすいため、訪問する季節や時間帯、現地での注意点を事前に伝えることが大切です。,観光・地理,初級
48,ローカル線,ローカル線を紹介すると、日本の地域性や交通の便利さ、自然と都市の近さを説明できます。旅行者は有名な見どころだけでなく、地元の人の生活や小さな体験にも関心を持っています。通訳案内では、移動方法、所要時間、周辺の楽しみ方を具体的に伝えると親切です。,観光・地理,中級
49,観光案内所,観光案内所は、国内外の旅行者に人気のある観光テーマです。景観や歴史だけでなく、地域の暮らし、交通、食文化にも触れられる点が魅力です。一方で、混雑やマナーの問題も起きやすいため、訪問する季節や時間帯、現地での注意点を事前に伝えることが大切です。,観光・地理,中級
50,世界遺産,世界遺産を紹介すると、日本の地域性や交通の便利さ、自然と都市の近さを説明できます。旅行者は有名な見どころだけでなく、地元の人の生活や小さな体験にも関心を持っています。通訳案内では、移動方法、所要時間、周辺の楽しみ方を具体的に伝えると親切です。,観光・地理,上級
51,国立公園,国立公園は、国内外の旅行者に人気のある観光テーマです。景観や歴史だけでなく、地域の暮らし、交通、食文化にも触れられる点が魅力です。一方で、混雑やマナーの問題も起きやすいため、訪問する季節や時間帯、現地での注意点を事前に伝えることが大切です。,観光・地理,初級
52,離島観光,離島観光を紹介すると、日本の地域性や交通の便利さ、自然と都市の近さを説明できます。旅行者は有名な見どころだけでなく、地元の人の生活や小さな体験にも関心を持っています。通訳案内では、移動方法、所要時間、周辺の楽しみ方を具体的に伝えると親切です。,観光・地理,初級
53,瀬戸内海,瀬戸内海は、国内外の旅行者に人気のある観光テーマです。景観や歴史だけでなく、地域の暮らし、交通、食文化にも触れられる点が魅力です。一方で、混雑やマナーの問題も起きやすいため、訪問する季節や時間帯、現地での注意点を事前に伝えることが大切です。,観光・地理,中級
54,北海道の自然,北海道の自然を紹介すると、日本の地域性や交通の便利さ、自然と都市の近さを説明できます。旅行者は有名な見どころだけでなく、地元の人の生活や小さな体験にも関心を持っています。通訳案内では、移動方法、所要時間、周辺の楽しみ方を具体的に伝えると親切です。,観光・地理,中級
55,東北の祭り,東北の祭りは、国内外の旅行者に人気のある観光テーマです。景観や歴史だけでなく、地域の暮らし、交通、食文化にも触れられる点が魅力です。一方で、混雑やマナーの問題も起きやすいため、訪問する季節や時間帯、現地での注意点を事前に伝えることが大切です。,観光・地理,上級
56,北陸新幹線,北陸新幹線を紹介すると、日本の地域性や交通の便利さ、自然と都市の近さを説明できます。旅行者は有名な見どころだけでなく、地元の人の生活や小さな体験にも関心を持っています。通訳案内では、移動方法、所要時間、周辺の楽しみ方を具体的に伝えると親切です。,観光・地理,初級
57,京都観光,京都観光は、国内外の旅行者に人気のある観光テーマです。景観や歴史だけでなく、地域の暮らし、交通、食文化にも触れられる点が魅力です。一方で、混雑やマナーの問題も起きやすいため、訪問する季節や時間帯、現地での注意点を事前に伝えることが大切です。,観光・地理,初級
58,奈良公園,奈良公園を紹介すると、日本の地域性や交通の便利さ、自然と都市の近さを説明できます。旅行者は有名な見どころだけでなく、地元の人の生活や小さな体験にも関心を持っています。通訳案内では、移動方法、所要時間、周辺の楽しみ方を具体的に伝えると親切です。,観光・地理,中級
59,大阪の食文化,大阪の食文化は、国内外の旅行者に人気のある観光テーマです。景観や歴史だけでなく、地域の暮らし、交通、食文化にも触れられる点が魅力です。一方で、混雑やマナーの問題も起きやすいため、訪問する季節や時間帯、現地での注意点を事前に伝えることが大切です。,観光・地理,中級
60,沖縄の文化,沖縄の文化を紹介すると、日本の地域性や交通の便利さ、自然と都市の近さを説明できます。旅行者は有名な見どころだけでなく、地元の人の生活や小さな体験にも関心を持っています。通訳案内では、移動方法、所要時間、周辺の楽しみ方を具体的に伝えると親切です。,観光・地理,上級
61,東京の地下鉄,東京の地下鉄は、国内外の旅行者に人気のある観光テーマです。景観や歴史だけでなく、地域の暮らし、交通、食文化にも触れられる点が魅力です。一方で、混雑やマナーの問題も起きやすいため、訪問する季節や時間帯、現地での注意点を事前に伝えることが大切です。,観光・地理,初級
62,浅草,浅草を紹介すると、日本の地域性や交通の便利さ、自然と都市の近さを説明できます。旅行者は有名な見どころだけでなく、地元の人の生活や小さな体験にも関心を持っています。通訳案内では、移動方法、所要時間、周辺の楽しみ方を具体的に伝えると親切です。,観光・地理,初級
63,秋葉原,秋葉原は、国内外の旅行者に人気のある観光テーマです。景観や歴史だけでなく、地域の暮らし、交通、食文化にも触れられる点が魅力です。一方で、混雑やマナーの問題も起きやすいため、訪問する季節や時間帯、現地での注意点を事前に伝えることが大切です。,観光・地理,中級
64,鎌倉,鎌倉を紹介すると、日本の地域性や交通の便利さ、自然と都市の近さを説明できます。旅行者は有名な見どころだけでなく、地元の人の生活や小さな体験にも関心を持っています。通訳案内では、移動方法、所要時間、周辺の楽しみ方を具体的に伝えると親切です。,観光・地理,中級
65,日光,日光は、国内外の旅行者に人気のある観光テーマです。景観や歴史だけでなく、地域の暮らし、交通、食文化にも触れられる点が魅力です。一方で、混雑やマナーの問題も起きやすいため、訪問する季節や時間帯、現地での注意点を事前に伝えることが大切です。,観光・地理,上級
66,箱根,箱根を紹介すると、日本の地域性や交通の便利さ、自然と都市の近さを説明できます。旅行者は有名な見どころだけでなく、地元の人の生活や小さな体験にも関心を持っています。通訳案内では、移動方法、所要時間、周辺の楽しみ方を具体的に伝えると親切です。,観光・地理,初級
67,高山,高山は、国内外の旅行者に人気のある観光テーマです。景観や歴史だけでなく、地域の暮らし、交通、食文化にも触れられる点が魅力です。一方で、混雑やマナーの問題も起きやすいため、訪問する季節や時間帯、現地での注意点を事前に伝えることが大切です。,観光・地理,初級
68,金沢,金沢を紹介すると、日本の地域性や交通の便利さ、自然と都市の近さを説明できます。旅行者は有名な見どころだけでなく、地元の人の生活や小さな体験にも関心を持っています。通訳案内では、移動方法、所要時間、周辺の楽しみ方を具体的に伝えると親切です。,観光・地理,中級
69,広島平和記念公園,広島平和記念公園は、国内外の旅行者に人気のある観光テーマです。景観や歴史だけでなく、地域の暮らし、交通、食文化にも触れられる点が魅力です。一方で、混雑やマナーの問題も起きやすいため、訪問する季節や時間帯、現地での注意点を事前に伝えることが大切です。,観光・地理,中級
70,長崎の歴史,長崎の歴史を紹介すると、日本の地域性や交通の便利さ、自然と都市の近さを説明できます。旅行者は有名な見どころだけでなく、地元の人の生活や小さな体験にも関心を持っています。通訳案内では、移動方法、所要時間、周辺の楽しみ方を具体的に伝えると親切です。,観光・地理,上級
71,熊野古道,熊野古道は、国内外の旅行者に人気のある観光テーマです。景観や歴史だけでなく、地域の暮らし、交通、食文化にも触れられる点が魅力です。一方で、混雑やマナーの問題も起きやすいため、訪問する季節や時間帯、現地での注意点を事前に伝えることが大切です。,観光・地理,初級
72,しまなみ海道,しまなみ海道を紹介すると、日本の地域性や交通の便利さ、自然と都市の近さを説明できます。旅行者は有名な見どころだけでなく、地元の人の生活や小さな体験にも関心を持っています。通訳案内では、移動方法、所要時間、周辺の楽しみ方を具体的に伝えると親切です。,観光・地理,初級
73,白川郷,白川郷は、国内外の旅行者に人気のある観光テーマです。景観や歴史だけでなく、地域の暮らし、交通、食文化にも触れられる点が魅力です。一方で、混雑やマナーの問題も起きやすいため、訪問する季節や時間帯、現地での注意点を事前に伝えることが大切です。,観光・地理,中級
74,屋久島,屋久島を紹介すると、日本の地域性や交通の便利さ、自然と都市の近さを説明できます。旅行者は有名な見どころだけでなく、地元の人の生活や小さな体験にも関心を持っています。通訳案内では、移動方法、所要時間、周辺の楽しみ方を具体的に伝えると親切です。,観光・地理,中級
75,阿蘇山,阿蘇山は、国内外の旅行者に人気のある観光テーマです。景観や歴史だけでなく、地域の暮らし、交通、食文化にも触れられる点が魅力です。一方で、混雑やマナーの問題も起きやすいため、訪問する季節や時間帯、現地での注意点を事前に伝えることが大切です。,観光・地理,上級
76,鳥取砂丘,鳥取砂丘を紹介すると、日本の地域性や交通の便利さ、自然と都市の近さを説明できます。旅行者は有名な見どころだけでなく、地元の人の生活や小さな体験にも関心を持っています。通訳案内では、移動方法、所要時間、周辺の楽しみ方を具体的に伝えると親切です。,観光・地理,初級
77,札幌雪まつり,札幌雪まつりは、国内外の旅行者に人気のある観光テーマです。景観や歴史だけでなく、地域の暮らし、交通、食文化にも触れられる点が魅力です。一方で、混雑やマナーの問題も起きやすいため、訪問する季節や時間帯、現地での注意点を事前に伝えることが大切です。,観光・地理,初級
78,祇園祭,祇園祭を紹介すると、日本の地域性や交通の便利さ、自然と都市の近さを説明できます。旅行者は有名な見どころだけでなく、地元の人の生活や小さな体験にも関心を持っています。通訳案内では、移動方法、所要時間、周辺の楽しみ方を具体的に伝えると親切です。,観光・地理,中級
79,ねぶた祭,ねぶた祭は、国内外の旅行者に人気のある観光テーマです。景観や歴史だけでなく、地域の暮らし、交通、食文化にも触れられる点が魅力です。一方で、混雑やマナーの問題も起きやすいため、訪問する季節や時間帯、現地での注意点を事前に伝えることが大切です。,観光・地理,中級
80,阿波踊り,阿波踊りを紹介すると、日本の地域性や交通の便利さ、自然と都市の近さを説明できます。旅行者は有名な見どころだけでなく、地元の人の生活や小さな体験にも関心を持っています。通訳案内では、移動方法、所要時間、周辺の楽しみ方を具体的に伝えると親切です。,観光・地理,上級
81,コンビニ,コンビニは、現代の日本社会を知るうえで身近なテーマです。便利さや安全性を支える仕組みとして定着してきましたが、地域差、高齢化、環境問題などの課題とも関係しています。訪日客には、単なる習慣ではなく、日本人の生活感覚と結びつけて説明すると理解されやすくなります。,生活・社会,初級
82,自動販売機,自動販売機は、日本で暮らす人々の日常に深く関わっています。外国人から見ると珍しく感じられる一方、日本人にとっては当たり前の仕組みとして利用されています。背景にあるルールやマナー、社会的な理由を補足すると、文化の違いを伝える良い題材になります。,生活・社会,初級
83,宅配便,宅配便は、現代の日本社会を知るうえで身近なテーマです。便利さや安全性を支える仕組みとして定着してきましたが、地域差、高齢化、環境問題などの課題とも関係しています。訪日客には、単なる習慣ではなく、日本人の生活感覚と結びつけて説明すると理解されやすくなります。,生活・社会,中級
84,交番,交番は、日本で暮らす人々の日常に深く関わっています。外国人から見ると珍しく感じられる一方、日本人にとっては当たり前の仕組みとして利用されています。背景にあるルールやマナー、社会的な理由を補足すると、文化の違いを伝える良い題材になります。,生活・社会,中級
85,落とし物,落とし物は、現代の日本社会を知るうえで身近なテーマです。便利さや安全性を支える仕組みとして定着してきましたが、地域差、高齢化、環境問題などの課題とも関係しています。訪日客には、単なる習慣ではなく、日本人の生活感覚と結びつけて説明すると理解されやすくなります。,生活・社会,上級
86,ゴミ分別,ゴミ分別は、日本で暮らす人々の日常に深く関わっています。外国人から見ると珍しく感じられる一方、日本人にとっては当たり前の仕組みとして利用されています。背景にあるルールやマナー、社会的な理由を補足すると、文化の違いを伝える良い題材になります。,生活・社会,初級
87,公共交通のマナー,公共交通のマナーは、現代の日本社会を知るうえで身近なテーマです。便利さや安全性を支える仕組みとして定着してきましたが、地域差、高齢化、環境問題などの課題とも関係しています。訪日客には、単なる習慣ではなく、日本人の生活感覚と結びつけて説明すると理解されやすくなります。,生活・社会,初級
88,エスカレーターの立ち位置,エスカレーターの立ち位置は、日本で暮らす人々の日常に深く関わっています。外国人から見ると珍しく感じられる一方、日本人にとっては当たり前の仕組みとして利用されています。背景にあるルールやマナー、社会的な理由を補足すると、文化の違いを伝える良い題材になります。,生活・社会,中級
89,災害用備蓄,災害用備蓄は、現代の日本社会を知るうえで身近なテーマです。便利さや安全性を支える仕組みとして定着してきましたが、地域差、高齢化、環境問題などの課題とも関係しています。訪日客には、単なる習慣ではなく、日本人の生活感覚と結びつけて説明すると理解されやすくなります。,生活・社会,中級
90,地震速報,地震速報は、日本で暮らす人々の日常に深く関わっています。外国人から見ると珍しく感じられる一方、日本人にとっては当たり前の仕組みとして利用されています。背景にあるルールやマナー、社会的な理由を補足すると、文化の違いを伝える良い題材になります。,生活・社会,上級
91,避難所,避難所は、現代の日本社会を知るうえで身近なテーマです。便利さや安全性を支える仕組みとして定着してきましたが、地域差、高齢化、環境問題などの課題とも関係しています。訪日客には、単なる習慣ではなく、日本人の生活感覚と結びつけて説明すると理解されやすくなります。,生活・社会,初級
92,学校給食,学校給食は、日本で暮らす人々の日常に深く関わっています。外国人から見ると珍しく感じられる一方、日本人にとっては当たり前の仕組みとして利用されています。背景にあるルールやマナー、社会的な理由を補足すると、文化の違いを伝える良い題材になります。,生活・社会,初級
93,ランドセル,ランドセルは、現代の日本社会を知るうえで身近なテーマです。便利さや安全性を支える仕組みとして定着してきましたが、地域差、高齢化、環境問題などの課題とも関係しています。訪日客には、単なる習慣ではなく、日本人の生活感覚と結びつけて説明すると理解されやすくなります。,生活・社会,中級
94,部活動,部活動は、日本で暮らす人々の日常に深く関わっています。外国人から見ると珍しく感じられる一方、日本人にとっては当たり前の仕組みとして利用されています。背景にあるルールやマナー、社会的な理由を補足すると、文化の違いを伝える良い題材になります。,生活・社会,中級
95,町内会,町内会は、現代の日本社会を知るうえで身近なテーマです。便利さや安全性を支える仕組みとして定着してきましたが、地域差、高齢化、環境問題などの課題とも関係しています。訪日客には、単なる習慣ではなく、日本人の生活感覚と結びつけて説明すると理解されやすくなります。,生活・社会,上級
96,銭湯,銭湯は、日本で暮らす人々の日常に深く関わっています。外国人から見ると珍しく感じられる一方、日本人にとっては当たり前の仕組みとして利用されています。背景にあるルールやマナー、社会的な理由を補足すると、文化の違いを伝える良い題材になります。,生活・社会,初級
97,商店街,商店街は、現代の日本社会を知るうえで身近なテーマです。便利さや安全性を支える仕組みとして定着してきましたが、地域差、高齢化、環境問題などの課題とも関係しています。訪日客には、単なる習慣ではなく、日本人の生活感覚と結びつけて説明すると理解されやすくなります。,生活・社会,初級
98,フリーマーケット,フリーマーケットは、日本で暮らす人々の日常に深く関わっています。外国人から見ると珍しく感じられる一方、日本人にとっては当たり前の仕組みとして利用されています。背景にあるルールやマナー、社会的な理由を補足すると、文化の違いを伝える良い題材になります。,生活・社会,中級
99,リサイクルショップ,リサイクルショップは、現代の日本社会を知るうえで身近なテーマです。便利さや安全性を支える仕組みとして定着してきましたが、地域差、高齢化、環境問題などの課題とも関係しています。訪日客には、単なる習慣ではなく、日本人の生活感覚と結びつけて説明すると理解されやすくなります。,生活・社会,中級
100,キャッシュレス決済,キャッシュレス決済は、日本で暮らす人々の日常に深く関わっています。外国人から見ると珍しく感じられる一方、日本人にとっては当たり前の仕組みとして利用されています。背景にあるルールやマナー、社会的な理由を補足すると、文化の違いを伝える良い題材になります。,生活・社会,上級
101,電子マネー,電子マネーは、現代の日本社会を知るうえで身近なテーマです。便利さや安全性を支える仕組みとして定着してきましたが、地域差、高齢化、環境問題などの課題とも関係しています。訪日客には、単なる習慣ではなく、日本人の生活感覚と結びつけて説明すると理解されやすくなります。,生活・社会,初級
102,ICカード,ICカードは、日本で暮らす人々の日常に深く関わっています。外国人から見ると珍しく感じられる一方、日本人にとっては当たり前の仕組みとして利用されています。背景にあるルールやマナー、社会的な理由を補足すると、文化の違いを伝える良い題材になります。,生活・社会,初級
103,ポイントカード,ポイントカードは、現代の日本社会を知るうえで身近なテーマです。便利さや安全性を支える仕組みとして定着してきましたが、地域差、高齢化、環境問題などの課題とも関係しています。訪日客には、単なる習慣ではなく、日本人の生活感覚と結びつけて説明すると理解されやすくなります。,生活・社会,中級
104,スマートフォン決済,スマートフォン決済は、日本で暮らす人々の日常に深く関わっています。外国人から見ると珍しく感じられる一方、日本人にとっては当たり前の仕組みとして利用されています。背景にあるルールやマナー、社会的な理由を補足すると、文化の違いを伝える良い題材になります。,生活・社会,中級
105,少子高齢化,少子高齢化は、現代の日本社会を知るうえで身近なテーマです。便利さや安全性を支える仕組みとして定着してきましたが、地域差、高齢化、環境問題などの課題とも関係しています。訪日客には、単なる習慣ではなく、日本人の生活感覚と結びつけて説明すると理解されやすくなります。,生活・社会,上級
106,地域医療,地域医療は、日本で暮らす人々の日常に深く関わっています。外国人から見ると珍しく感じられる一方、日本人にとっては当たり前の仕組みとして利用されています。背景にあるルールやマナー、社会的な理由を補足すると、文化の違いを伝える良い題材になります。,生活・社会,初級
107,空き家問題,空き家問題は、現代の日本社会を知るうえで身近なテーマです。便利さや安全性を支える仕組みとして定着してきましたが、地域差、高齢化、環境問題などの課題とも関係しています。訪日客には、単なる習慣ではなく、日本人の生活感覚と結びつけて説明すると理解されやすくなります。,生活・社会,初級
108,地方移住,地方移住は、日本で暮らす人々の日常に深く関わっています。外国人から見ると珍しく感じられる一方、日本人にとっては当たり前の仕組みとして利用されています。背景にあるルールやマナー、社会的な理由を補足すると、文化の違いを伝える良い題材になります。,生活・社会,中級
109,二拠点生活,二拠点生活は、現代の日本社会を知るうえで身近なテーマです。便利さや安全性を支える仕組みとして定着してきましたが、地域差、高齢化、環境問題などの課題とも関係しています。訪日客には、単なる習慣ではなく、日本人の生活感覚と結びつけて説明すると理解されやすくなります。,生活・社会,中級
110,ワーケーション,ワーケーションは、日本で暮らす人々の日常に深く関わっています。外国人から見ると珍しく感じられる一方、日本人にとっては当たり前の仕組みとして利用されています。背景にあるルールやマナー、社会的な理由を補足すると、文化の違いを伝える良い題材になります。,生活・社会,上級
111,テレワーク,テレワークは、現代の日本社会を知るうえで身近なテーマです。便利さや安全性を支える仕組みとして定着してきましたが、地域差、高齢化、環境問題などの課題とも関係しています。訪日客には、単なる習慣ではなく、日本人の生活感覚と結びつけて説明すると理解されやすくなります。,生活・社会,初級
112,働き方改革,働き方改革は、日本で暮らす人々の日常に深く関わっています。外国人から見ると珍しく感じられる一方、日本人にとっては当たり前の仕組みとして利用されています。背景にあるルールやマナー、社会的な理由を補足すると、文化の違いを伝える良い題材になります。,生活・社会,初級
113,おもてなし,おもてなしは、現代の日本社会を知るうえで身近なテーマです。便利さや安全性を支える仕組みとして定着してきましたが、地域差、高齢化、環境問題などの課題とも関係しています。訪日客には、単なる習慣ではなく、日本人の生活感覚と結びつけて説明すると理解されやすくなります。,生活・社会,中級
114,多言語表示,多言語表示は、日本で暮らす人々の日常に深く関わっています。外国人から見ると珍しく感じられる一方、日本人にとっては当たり前の仕組みとして利用されています。背景にあるルールやマナー、社会的な理由を補足すると、文化の違いを伝える良い題材になります。,生活・社会,中級
115,ユニバーサルデザイン,ユニバーサルデザインは、現代の日本社会を知るうえで身近なテーマです。便利さや安全性を支える仕組みとして定着してきましたが、地域差、高齢化、環境問題などの課題とも関係しています。訪日客には、単なる習慣ではなく、日本人の生活感覚と結びつけて説明すると理解されやすくなります。,生活・社会,上級
116,バリアフリー観光,バリアフリー観光は、日本で暮らす人々の日常に深く関わっています。外国人から見ると珍しく感じられる一方、日本人にとっては当たり前の仕組みとして利用されています。背景にあるルールやマナー、社会的な理由を補足すると、文化の違いを伝える良い題材になります。,生活・社会,初級
117,ペットボトル回収,ペットボトル回収は、現代の日本社会を知るうえで身近なテーマです。便利さや安全性を支える仕組みとして定着してきましたが、地域差、高齢化、環境問題などの課題とも関係しています。訪日客には、単なる習慣ではなく、日本人の生活感覚と結びつけて説明すると理解されやすくなります。,生活・社会,初級
118,食品ロス,食品ロスは、日本で暮らす人々の日常に深く関わっています。外国人から見ると珍しく感じられる一方、日本人にとっては当たり前の仕組みとして利用されています。背景にあるルールやマナー、社会的な理由を補足すると、文化の違いを伝える良い題材になります。,生活・社会,中級
119,防犯カメラ,防犯カメラは、現代の日本社会を知るうえで身近なテーマです。便利さや安全性を支える仕組みとして定着してきましたが、地域差、高齢化、環境問題などの課題とも関係しています。訪日客には、単なる習慣ではなく、日本人の生活感覚と結びつけて説明すると理解されやすくなります。,生活・社会,中級
120,民泊,民泊は、日本で暮らす人々の日常に深く関わっています。外国人から見ると珍しく感じられる一方、日本人にとっては当たり前の仕組みとして利用されています。背景にあるルールやマナー、社会的な理由を補足すると、文化の違いを伝える良い題材になります。,生活・社会,上級
121,寿司,寿司は、日本の食文化や年中行事を代表するものの一つです。季節の変化を大切にし、家族や地域の人々が集まる機会として受け継がれてきました。材料や作法には地域差があり、同じ名前でも土地によって味や意味が異なることがあります。,食・行事,初級
122,天ぷら,天ぷらは、外国人旅行者にも説明しやすい日本文化の題材です。味や見た目だけでなく、旬の食材、縁起、もてなしの心といった考え方が込められています。実際に食べたり参加したりする体験を通じて、より深く理解してもらえる点も魅力です。,食・行事,初級
123,そば,そばは、日本の食文化や年中行事を代表するものの一つです。季節の変化を大切にし、家族や地域の人々が集まる機会として受け継がれてきました。材料や作法には地域差があり、同じ名前でも土地によって味や意味が異なることがあります。,食・行事,中級
124,うどん,うどんは、外国人旅行者にも説明しやすい日本文化の題材です。味や見た目だけでなく、旬の食材、縁起、もてなしの心といった考え方が込められています。実際に食べたり参加したりする体験を通じて、より深く理解してもらえる点も魅力です。,食・行事,中級
125,ラーメン,ラーメンは、日本の食文化や年中行事を代表するものの一つです。季節の変化を大切にし、家族や地域の人々が集まる機会として受け継がれてきました。材料や作法には地域差があり、同じ名前でも土地によって味や意味が異なることがあります。,食・行事,上級
126,お好み焼き,お好み焼きは、外国人旅行者にも説明しやすい日本文化の題材です。味や見た目だけでなく、旬の食材、縁起、もてなしの心といった考え方が込められています。実際に食べたり参加したりする体験を通じて、より深く理解してもらえる点も魅力です。,食・行事,初級
127,たこ焼き,たこ焼きは、日本の食文化や年中行事を代表するものの一つです。季節の変化を大切にし、家族や地域の人々が集まる機会として受け継がれてきました。材料や作法には地域差があり、同じ名前でも土地によって味や意味が異なることがあります。,食・行事,初級
128,和牛,和牛は、外国人旅行者にも説明しやすい日本文化の題材です。味や見た目だけでなく、旬の食材、縁起、もてなしの心といった考え方が込められています。実際に食べたり参加したりする体験を通じて、より深く理解してもらえる点も魅力です。,食・行事,中級
129,精進料理,精進料理は、日本の食文化や年中行事を代表するものの一つです。季節の変化を大切にし、家族や地域の人々が集まる機会として受け継がれてきました。材料や作法には地域差があり、同じ名前でも土地によって味や意味が異なることがあります。,食・行事,中級
130,懐石料理,懐石料理は、外国人旅行者にも説明しやすい日本文化の題材です。味や見た目だけでなく、旬の食材、縁起、もてなしの心といった考え方が込められています。実際に食べたり参加したりする体験を通じて、より深く理解してもらえる点も魅力です。,食・行事,上級
131,弁当,弁当は、日本の食文化や年中行事を代表するものの一つです。季節の変化を大切にし、家族や地域の人々が集まる機会として受け継がれてきました。材料や作法には地域差があり、同じ名前でも土地によって味や意味が異なることがあります。,食・行事,初級
132,駅弁,駅弁は、外国人旅行者にも説明しやすい日本文化の題材です。味や見た目だけでなく、旬の食材、縁起、もてなしの心といった考え方が込められています。実際に食べたり参加したりする体験を通じて、より深く理解してもらえる点も魅力です。,食・行事,初級
133,おにぎり,おにぎりは、日本の食文化や年中行事を代表するものの一つです。季節の変化を大切にし、家族や地域の人々が集まる機会として受け継がれてきました。材料や作法には地域差があり、同じ名前でも土地によって味や意味が異なることがあります。,食・行事,中級
134,味噌汁,味噌汁は、外国人旅行者にも説明しやすい日本文化の題材です。味や見た目だけでなく、旬の食材、縁起、もてなしの心といった考え方が込められています。実際に食べたり参加したりする体験を通じて、より深く理解してもらえる点も魅力です。,食・行事,中級
135,出汁,出汁は、日本の食文化や年中行事を代表するものの一つです。季節の変化を大切にし、家族や地域の人々が集まる機会として受け継がれてきました。材料や作法には地域差があり、同じ名前でも土地によって味や意味が異なることがあります。,食・行事,上級
136,醤油,醤油は、外国人旅行者にも説明しやすい日本文化の題材です。味や見た目だけでなく、旬の食材、縁起、もてなしの心といった考え方が込められています。実際に食べたり参加したりする体験を通じて、より深く理解してもらえる点も魅力です。,食・行事,初級
137,日本酒,日本酒は、日本の食文化や年中行事を代表するものの一つです。季節の変化を大切にし、家族や地域の人々が集まる機会として受け継がれてきました。材料や作法には地域差があり、同じ名前でも土地によって味や意味が異なることがあります。,食・行事,初級
138,緑茶,緑茶は、外国人旅行者にも説明しやすい日本文化の題材です。味や見た目だけでなく、旬の食材、縁起、もてなしの心といった考え方が込められています。実際に食べたり参加したりする体験を通じて、より深く理解してもらえる点も魅力です。,食・行事,中級
139,抹茶,抹茶は、日本の食文化や年中行事を代表するものの一つです。季節の変化を大切にし、家族や地域の人々が集まる機会として受け継がれてきました。材料や作法には地域差があり、同じ名前でも土地によって味や意味が異なることがあります。,食・行事,中級
140,和菓子,和菓子は、外国人旅行者にも説明しやすい日本文化の題材です。味や見た目だけでなく、旬の食材、縁起、もてなしの心といった考え方が込められています。実際に食べたり参加したりする体験を通じて、より深く理解してもらえる点も魅力です。,食・行事,上級
141,たい焼き,たい焼きは、日本の食文化や年中行事を代表するものの一つです。季節の変化を大切にし、家族や地域の人々が集まる機会として受け継がれてきました。材料や作法には地域差があり、同じ名前でも土地によって味や意味が異なることがあります。,食・行事,初級
142,かき氷,かき氷は、外国人旅行者にも説明しやすい日本文化の題材です。味や見た目だけでなく、旬の食材、縁起、もてなしの心といった考え方が込められています。実際に食べたり参加したりする体験を通じて、より深く理解してもらえる点も魅力です。,食・行事,初級
143,恵方巻,恵方巻は、日本の食文化や年中行事を代表するものの一つです。季節の変化を大切にし、家族や地域の人々が集まる機会として受け継がれてきました。材料や作法には地域差があり、同じ名前でも土地によって味や意味が異なることがあります。,食・行事,中級
144,おせち料理,おせち料理は、外国人旅行者にも説明しやすい日本文化の題材です。味や見た目だけでなく、旬の食材、縁起、もてなしの心といった考え方が込められています。実際に食べたり参加したりする体験を通じて、より深く理解してもらえる点も魅力です。,食・行事,中級
145,雑煮,雑煮は、日本の食文化や年中行事を代表するものの一つです。季節の変化を大切にし、家族や地域の人々が集まる機会として受け継がれてきました。材料や作法には地域差があり、同じ名前でも土地によって味や意味が異なることがあります。,食・行事,上級
146,節分,節分は、外国人旅行者にも説明しやすい日本文化の題材です。味や見た目だけでなく、旬の食材、縁起、もてなしの心といった考え方が込められています。実際に食べたり参加したりする体験を通じて、より深く理解してもらえる点も魅力です。,食・行事,初級
147,ひな祭り,ひな祭りは、日本の食文化や年中行事を代表するものの一つです。季節の変化を大切にし、家族や地域の人々が集まる機会として受け継がれてきました。材料や作法には地域差があり、同じ名前でも土地によって味や意味が異なることがあります。,食・行事,初級
148,端午の節句,端午の節句は、外国人旅行者にも説明しやすい日本文化の題材です。味や見た目だけでなく、旬の食材、縁起、もてなしの心といった考え方が込められています。実際に食べたり参加したりする体験を通じて、より深く理解してもらえる点も魅力です。,食・行事,中級
149,七夕,七夕は、日本の食文化や年中行事を代表するものの一つです。季節の変化を大切にし、家族や地域の人々が集まる機会として受け継がれてきました。材料や作法には地域差があり、同じ名前でも土地によって味や意味が異なることがあります。,食・行事,中級
150,お盆,お盆は、外国人旅行者にも説明しやすい日本文化の題材です。味や見た目だけでなく、旬の食材、縁起、もてなしの心といった考え方が込められています。実際に食べたり参加したりする体験を通じて、より深く理解してもらえる点も魅力です。,食・行事,上級
151,お月見,お月見は、日本の食文化や年中行事を代表するものの一つです。季節の変化を大切にし、家族や地域の人々が集まる機会として受け継がれてきました。材料や作法には地域差があり、同じ名前でも土地によって味や意味が異なることがあります。,食・行事,初級
152,紅葉狩り,紅葉狩りは、外国人旅行者にも説明しやすい日本文化の題材です。味や見た目だけでなく、旬の食材、縁起、もてなしの心といった考え方が込められています。実際に食べたり参加したりする体験を通じて、より深く理解してもらえる点も魅力です。,食・行事,初級
153,花見,花見は、日本の食文化や年中行事を代表するものの一つです。季節の変化を大切にし、家族や地域の人々が集まる機会として受け継がれてきました。材料や作法には地域差があり、同じ名前でも土地によって味や意味が異なることがあります。,食・行事,中級
154,初詣,初詣は、外国人旅行者にも説明しやすい日本文化の題材です。味や見た目だけでなく、旬の食材、縁起、もてなしの心といった考え方が込められています。実際に食べたり参加したりする体験を通じて、より深く理解してもらえる点も魅力です。,食・行事,中級
155,成人式,成人式は、日本の食文化や年中行事を代表するものの一つです。季節の変化を大切にし、家族や地域の人々が集まる機会として受け継がれてきました。材料や作法には地域差があり、同じ名前でも土地によって味や意味が異なることがあります。,食・行事,上級
156,七五三,七五三は、外国人旅行者にも説明しやすい日本文化の題材です。味や見た目だけでなく、旬の食材、縁起、もてなしの心といった考え方が込められています。実際に食べたり参加したりする体験を通じて、より深く理解してもらえる点も魅力です。,食・行事,初級
157,神前結婚式,神前結婚式は、日本の食文化や年中行事を代表するものの一つです。季節の変化を大切にし、家族や地域の人々が集まる機会として受け継がれてきました。材料や作法には地域差があり、同じ名前でも土地によって味や意味が異なることがあります。,食・行事,初級
158,盆踊り,盆踊りは、外国人旅行者にも説明しやすい日本文化の題材です。味や見た目だけでなく、旬の食材、縁起、もてなしの心といった考え方が込められています。実際に食べたり参加したりする体験を通じて、より深く理解してもらえる点も魅力です。,食・行事,中級
159,花火大会,花火大会は、日本の食文化や年中行事を代表するものの一つです。季節の変化を大切にし、家族や地域の人々が集まる機会として受け継がれてきました。材料や作法には地域差があり、同じ名前でも土地によって味や意味が異なることがあります。,食・行事,中級
160,餅つき,餅つきは、外国人旅行者にも説明しやすい日本文化の題材です。味や見た目だけでなく、旬の食材、縁起、もてなしの心といった考え方が込められています。実際に食べたり参加したりする体験を通じて、より深く理解してもらえる点も魅力です。,食・行事,上級
161,米作り,米作りは、日本の自然環境、産業、地域の技術を理解するうえで重要なテーマです。気候や地形、人々の工夫が結びつき、長い時間をかけて独自の発展を遂げてきました。近年は観光資源としても注目され、環境保全や後継者不足との両立が課題になっています。,自然・産業・現代文化,初級
162,棚田,棚田は、伝統と現代の変化が交わる日本らしい話題です。地域の暮らしや産業を支える一方で、新しい技術、ブランド化、観光との連携によって価値が広がっています。訪問者に説明する際は、作り手の努力や社会的な背景にも触れると印象に残ります。,自然・産業・現代文化,初級
163,漁港,漁港は、日本の自然環境、産業、地域の技術を理解するうえで重要なテーマです。気候や地形、人々の工夫が結びつき、長い時間をかけて独自の発展を遂げてきました。近年は観光資源としても注目され、環境保全や後継者不足との両立が課題になっています。,自然・産業・現代文化,中級
164,築地と豊洲市場,築地と豊洲市場は、伝統と現代の変化が交わる日本らしい話題です。地域の暮らしや産業を支える一方で、新しい技術、ブランド化、観光との連携によって価値が広がっています。訪問者に説明する際は、作り手の努力や社会的な背景にも触れると印象に残ります。,自然・産業・現代文化,中級
165,海女,海女は、日本の自然環境、産業、地域の技術を理解するうえで重要なテーマです。気候や地形、人々の工夫が結びつき、長い時間をかけて独自の発展を遂げてきました。近年は観光資源としても注目され、環境保全や後継者不足との両立が課題になっています。,自然・産業・現代文化,上級
166,真珠養殖,真珠養殖は、伝統と現代の変化が交わる日本らしい話題です。地域の暮らしや産業を支える一方で、新しい技術、ブランド化、観光との連携によって価値が広がっています。訪問者に説明する際は、作り手の努力や社会的な背景にも触れると印象に残ります。,自然・産業・現代文化,初級
167,林業,林業は、日本の自然環境、産業、地域の技術を理解するうえで重要なテーマです。気候や地形、人々の工夫が結びつき、長い時間をかけて独自の発展を遂げてきました。近年は観光資源としても注目され、環境保全や後継者不足との両立が課題になっています。,自然・産業・現代文化,初級
168,竹林,竹林は、伝統と現代の変化が交わる日本らしい話題です。地域の暮らしや産業を支える一方で、新しい技術、ブランド化、観光との連携によって価値が広がっています。訪問者に説明する際は、作り手の努力や社会的な背景にも触れると印象に残ります。,自然・産業・現代文化,中級
169,和牛の生産,和牛の生産は、日本の自然環境、産業、地域の技術を理解するうえで重要なテーマです。気候や地形、人々の工夫が結びつき、長い時間をかけて独自の発展を遂げてきました。近年は観光資源としても注目され、環境保全や後継者不足との両立が課題になっています。,自然・産業・現代文化,中級
170,日本茶の栽培,日本茶の栽培は、伝統と現代の変化が交わる日本らしい話題です。地域の暮らしや産業を支える一方で、新しい技術、ブランド化、観光との連携によって価値が広がっています。訪問者に説明する際は、作り手の努力や社会的な背景にも触れると印象に残ります。,自然・産業・現代文化,上級
171,酒蔵,酒蔵は、日本の自然環境、産業、地域の技術を理解するうえで重要なテーマです。気候や地形、人々の工夫が結びつき、長い時間をかけて独自の発展を遂げてきました。近年は観光資源としても注目され、環境保全や後継者不足との両立が課題になっています。,自然・産業・現代文化,初級
172,味噌作り,味噌作りは、伝統と現代の変化が交わる日本らしい話題です。地域の暮らしや産業を支える一方で、新しい技術、ブランド化、観光との連携によって価値が広がっています。訪問者に説明する際は、作り手の努力や社会的な背景にも触れると印象に残ります。,自然・産業・現代文化,初級
173,醤油蔵,醤油蔵は、日本の自然環境、産業、地域の技術を理解するうえで重要なテーマです。気候や地形、人々の工夫が結びつき、長い時間をかけて独自の発展を遂げてきました。近年は観光資源としても注目され、環境保全や後継者不足との両立が課題になっています。,自然・産業・現代文化,中級
174,伝統工芸,伝統工芸は、伝統と現代の変化が交わる日本らしい話題です。地域の暮らしや産業を支える一方で、新しい技術、ブランド化、観光との連携によって価値が広がっています。訪問者に説明する際は、作り手の努力や社会的な背景にも触れると印象に残ります。,自然・産業・現代文化,中級
175,刃物産業,刃物産業は、日本の自然環境、産業、地域の技術を理解するうえで重要なテーマです。気候や地形、人々の工夫が結びつき、長い時間をかけて独自の発展を遂げてきました。近年は観光資源としても注目され、環境保全や後継者不足との両立が課題になっています。,自然・産業・現代文化,上級
176,織物産業,織物産業は、伝統と現代の変化が交わる日本らしい話題です。地域の暮らしや産業を支える一方で、新しい技術、ブランド化、観光との連携によって価値が広がっています。訪問者に説明する際は、作り手の努力や社会的な背景にも触れると印象に残ります。,自然・産業・現代文化,初級
177,染物,染物は、日本の自然環境、産業、地域の技術を理解するうえで重要なテーマです。気候や地形、人々の工夫が結びつき、長い時間をかけて独自の発展を遂げてきました。近年は観光資源としても注目され、環境保全や後継者不足との両立が課題になっています。,自然・産業・現代文化,初級
178,ガラス工芸,ガラス工芸は、伝統と現代の変化が交わる日本らしい話題です。地域の暮らしや産業を支える一方で、新しい技術、ブランド化、観光との連携によって価値が広がっています。訪問者に説明する際は、作り手の努力や社会的な背景にも触れると印象に残ります。,自然・産業・現代文化,中級
179,木工芸,木工芸は、日本の自然環境、産業、地域の技術を理解するうえで重要なテーマです。気候や地形、人々の工夫が結びつき、長い時間をかけて独自の発展を遂げてきました。近年は観光資源としても注目され、環境保全や後継者不足との両立が課題になっています。,自然・産業・現代文化,中級
180,紙漉き,紙漉きは、伝統と現代の変化が交わる日本らしい話題です。地域の暮らしや産業を支える一方で、新しい技術、ブランド化、観光との連携によって価値が広がっています。訪問者に説明する際は、作り手の努力や社会的な背景にも触れると印象に残ります。,自然・産業・現代文化,上級
181,温泉資源,温泉資源は、日本の自然環境、産業、地域の技術を理解するうえで重要なテーマです。気候や地形、人々の工夫が結びつき、長い時間をかけて独自の発展を遂げてきました。近年は観光資源としても注目され、環境保全や後継者不足との両立が課題になっています。,自然・産業・現代文化,初級
182,火山,火山は、伝統と現代の変化が交わる日本らしい話題です。地域の暮らしや産業を支える一方で、新しい技術、ブランド化、観光との連携によって価値が広がっています。訪問者に説明する際は、作り手の努力や社会的な背景にも触れると印象に残ります。,自然・産業・現代文化,初級
183,台風,台風は、日本の自然環境、産業、地域の技術を理解するうえで重要なテーマです。気候や地形、人々の工夫が結びつき、長い時間をかけて独自の発展を遂げてきました。近年は観光資源としても注目され、環境保全や後継者不足との両立が課題になっています。,自然・産業・現代文化,中級
184,梅雨,梅雨は、伝統と現代の変化が交わる日本らしい話題です。地域の暮らしや産業を支える一方で、新しい技術、ブランド化、観光との連携によって価値が広がっています。訪問者に説明する際は、作り手の努力や社会的な背景にも触れると印象に残ります。,自然・産業・現代文化,中級
185,桜前線,桜前線は、日本の自然環境、産業、地域の技術を理解するうえで重要なテーマです。気候や地形、人々の工夫が結びつき、長い時間をかけて独自の発展を遂げてきました。近年は観光資源としても注目され、環境保全や後継者不足との両立が課題になっています。,自然・産業・現代文化,上級
186,紅葉前線,紅葉前線は、伝統と現代の変化が交わる日本らしい話題です。地域の暮らしや産業を支える一方で、新しい技術、ブランド化、観光との連携によって価値が広がっています。訪問者に説明する際は、作り手の努力や社会的な背景にも触れると印象に残ります。,自然・産業・現代文化,初級
187,里山,里山は、日本の自然環境、産業、地域の技術を理解するうえで重要なテーマです。気候や地形、人々の工夫が結びつき、長い時間をかけて独自の発展を遂げてきました。近年は観光資源としても注目され、環境保全や後継者不足との両立が課題になっています。,自然・産業・現代文化,初級
188,雪国の暮らし,雪国の暮らしは、伝統と現代の変化が交わる日本らしい話題です。地域の暮らしや産業を支える一方で、新しい技術、ブランド化、観光との連携によって価値が広がっています。訪問者に説明する際は、作り手の努力や社会的な背景にも触れると印象に残ります。,自然・産業・現代文化,中級
189,灌漑用水,灌漑用水は、日本の自然環境、産業、地域の技術を理解するうえで重要なテーマです。気候や地形、人々の工夫が結びつき、長い時間をかけて独自の発展を遂げてきました。近年は観光資源としても注目され、環境保全や後継者不足との両立が課題になっています。,自然・産業・現代文化,中級
190,水田と生物多様性,水田と生物多様性は、伝統と現代の変化が交わる日本らしい話題です。地域の暮らしや産業を支える一方で、新しい技術、ブランド化、観光との連携によって価値が広がっています。訪問者に説明する際は、作り手の努力や社会的な背景にも触れると印象に残ります。,自然・産業・現代文化,上級
191,再生可能エネルギー,再生可能エネルギーは、日本の自然環境、産業、地域の技術を理解するうえで重要なテーマです。気候や地形、人々の工夫が結びつき、長い時間をかけて独自の発展を遂げてきました。近年は観光資源としても注目され、環境保全や後継者不足との両立が課題になっています。,自然・産業・現代文化,初級
192,太陽光発電,太陽光発電は、伝統と現代の変化が交わる日本らしい話題です。地域の暮らしや産業を支える一方で、新しい技術、ブランド化、観光との連携によって価値が広がっています。訪問者に説明する際は、作り手の努力や社会的な背景にも触れると印象に残ります。,自然・産業・現代文化,初級
193,風力発電,風力発電は、日本の自然環境、産業、地域の技術を理解するうえで重要なテーマです。気候や地形、人々の工夫が結びつき、長い時間をかけて独自の発展を遂げてきました。近年は観光資源としても注目され、環境保全や後継者不足との両立が課題になっています。,自然・産業・現代文化,中級
194,水素社会,水素社会は、伝統と現代の変化が交わる日本らしい話題です。地域の暮らしや産業を支える一方で、新しい技術、ブランド化、観光との連携によって価値が広がっています。訪問者に説明する際は、作り手の努力や社会的な背景にも触れると印象に残ります。,自然・産業・現代文化,中級
195,リニア中央新幹線,リニア中央新幹線は、日本の自然環境、産業、地域の技術を理解するうえで重要なテーマです。気候や地形、人々の工夫が結びつき、長い時間をかけて独自の発展を遂げてきました。近年は観光資源としても注目され、環境保全や後継者不足との両立が課題になっています。,自然・産業・現代文化,上級
196,ロボット産業,ロボット産業は、伝統と現代の変化が交わる日本らしい話題です。地域の暮らしや産業を支える一方で、新しい技術、ブランド化、観光との連携によって価値が広がっています。訪問者に説明する際は、作り手の努力や社会的な背景にも触れると印象に残ります。,自然・産業・現代文化,初級
197,ゲーム産業,ゲーム産業は、日本の自然環境、産業、地域の技術を理解するうえで重要なテーマです。気候や地形、人々の工夫が結びつき、長い時間をかけて独自の発展を遂げてきました。近年は観光資源としても注目され、環境保全や後継者不足との両立が課題になっています。,自然・産業・現代文化,初級
198,アニメ産業,アニメ産業は、伝統と現代の変化が交わる日本らしい話題です。地域の暮らしや産業を支える一方で、新しい技術、ブランド化、観光との連携によって価値が広がっています。訪問者に説明する際は、作り手の努力や社会的な背景にも触れると印象に残ります。,自然・産業・現代文化,中級
199,キャラクター文化,キャラクター文化は、日本の自然環境、産業、地域の技術を理解するうえで重要なテーマです。気候や地形、人々の工夫が結びつき、長い時間をかけて独自の発展を遂げてきました。近年は観光資源としても注目され、環境保全や後継者不足との両立が課題になっています。,自然・産業・現代文化,中級
200,医療ツーリズム,医療ツーリズムは、伝統と現代の変化が交わる日本らしい話題です。地域の暮らしや産業を支える一方で、新しい技術、ブランド化、観光との連携によって価値が広がっています。訪問者に説明する際は、作り手の努力や社会的な背景にも触れると印象に残ります。,自然・産業・現代文化,上級
